<?xml version="1.0"?>
<Runs Version="1" Minor="0">
	<Run Id="sys_clk_synth_1" LaunchDir="D:/zhang/desktop/ALU_stu_18/ALU_stu_18.runs/sys_clk_synth_1" FlowId="Vivado_Synthesis" FromStepId="vivado" ToStepId="vivado"/>
	<Run Id="synth_1" LaunchDir="D:/zhang/desktop/ALU_stu_18/ALU_stu_18.runs/synth_1" FlowId="Vivado_Synthesis" FromStepId="vivado" ToStepId="vivado">
		<Parent Id="sys_clk_synth_1"/>
	</Run>
	<Parameters>
		<Parameter Name="runs.monitorLSFJobs" Val="true" Type="bool"/>
		<Parameter Name="runs.enableClusterConf" Val="true" Type="bool"/>
	</Parameters>
</Runs>

